{
  "DESIGN_NAME": "dff_design",
  "VERILOG_FILES": "dir::src/*.v",
  "CLOCK_PERIOD": 10,
  "CLOCK_PORT": "clk",
  "PNR_SDC_FILE": "dir::src/dff_design.sdc",
  "SIGNOFF_SDC_FILE": "dir::src/dff_design.sdc",
  "PL_RANDOM_GLB_PLACEMENT": true,
  "FP_SIZING": "absolute",
  "DIE_AREA": "0 0 40 40",
  "PL_TARGET_DENSITY": 0.75,
  "FP_PDN_AUTO_ADJUST": false,
  "FP_PDN_VPITCH": 25,
  "FP_PDN_HPITCH": 25,
  "FP_PDN_VOFFSET": 5,
  "FP_PDN_HOFFSET": 5,
  "GRT_REPAIR_ANTENNAS": 1,
  "FP_PIN_ORDER_CFG": "dir::pin_order.cfg",
  "pdk::sky130*": {
    "FP_CORE_UTIL": 45,
    "CLOCK_PERIOD": 10,
    "scl::sky130_fd_sc_hs": {
      "CLOCK_PERIOD": 8
    },
    "scl::sky130_fd_sc_ls": {
      "MAX_FANOUT_CONSTRAINT": 5
    }
  }
}